date,day_number,staff_id,absent
2025-06-01,1,1,0
2025-06-02,2,1,0
2025-06-03,3,1,0
2025-06-04,4,1,0
2025-06-05,5,1,0
2025-06-06,6,1,0
2025-06-07,7,1,0
2025-06-08,8,1,0
2025-06-09,9,1,0
2025-06-10,10,1,0
2025-06-11,11,1,0
2025-06-12,12,1,0
2025-06-13,13,1,0
2025-06-14,14,1,0
2025-06-15,15,1,0
2025-06-16,16,1,0
2025-06-17,17,1,0
2025-06-18,18,1,0
2025-06-19,19,1,0
2025-06-20,20,1,0
2025-06-21,21,1,0
2025-06-22,22,1,0
2025-06-23,23,1,0
2025-06-24,24,1,0
2025-06-25,25,1,0
2025-06-26,26,1,0
2025-06-27,27,1,0
2025-06-28,28,1,0
2025-06-01,1,2,0
2025-06-02,2,2,0
2025-06-03,3,2,0
2025-06-04,4,2,0
2025-06-05,5,2,0
2025-06-06,6,2,0
2025-06-07,7,2,0
2025-06-08,8,2,0
2025-06-09,9,2,0
2025-06-10,10,2,0
2025-06-11,11,2,0
2025-06-12,12,2,0
2025-06-13,13,2,0
2025-06-14,14,2,0
2025-06-15,15,2,0
2025-06-16,16,2,1
2025-06-17,17,2,1
2025-06-18,18,2,0
2025-06-19,19,2,0
2025-06-20,20,2,0
2025-06-21,21,2,0
2025-06-22,22,2,0
2025-06-23,23,2,0
2025-06-24,24,2,0
2025-06-25,25,2,0
2025-06-26,26,2,0
2025-06-27,27,2,0
2025-06-28,28,2,0
2025-06-01,1,3,0
2025-06-02,2,3,0
2025-06-03,3,3,0
2025-06-04,4,3,0
2025-06-05,5,3,0
2025-06-06,6,3,0
2025-06-07,7,3,0
2025-06-08,8,3,0
2025-06-09,9,3,0
2025-06-10,10,3,0
2025-06-11,11,3,0
2025-06-12,12,3,0
2025-06-13,13,3,0
2025-06-14,14,3,0
2025-06-15,15,3,0
2025-06-16,16,3,0
2025-06-17,17,3,0
2025-06-18,18,3,0
2025-06-19,19,3,0
2025-06-20,20,3,0
2025-06-21,21,3,0
2025-06-22,22,3,0
2025-06-23,23,3,0
2025-06-24,24,3,0
2025-06-25,25,3,0
2025-06-26,26,3,0
2025-06-27,27,3,0
2025-06-28,28,3,0
2025-06-01,1,4,0
2025-06-02,2,4,0
2025-06-03,3,4,0
2025-06-04,4,4,0
2025-06-05,5,4,0
2025-06-06,6,4,0
2025-06-07,7,4,0
2025-06-08,8,4,0
2025-06-09,9,4,0
2025-06-10,10,4,0
2025-06-11,11,4,0
2025-06-12,12,4,0
2025-06-13,13,4,0
2025-06-14,14,4,0
2025-06-15,15,4,0
2025-06-16,16,4,0
2025-06-17,17,4,0
2025-06-18,18,4,0
2025-06-19,19,4,0
2025-06-20,20,4,0
2025-06-21,21,4,1
2025-06-22,22,4,0
2025-06-23,23,4,0
2025-06-24,24,4,0
2025-06-25,25,4,0
2025-06-26,26,4,0
2025-06-27,27,4,0
2025-06-28,28,4,0
2025-06-01,1,5,0
2025-06-02,2,5,0
2025-06-03,3,5,0
2025-06-04,4,5,0
2025-06-05,5,5,0
2025-06-06,6,5,0
2025-06-07,7,5,0
2025-06-08,8,5,0
2025-06-09,9,5,0
2025-06-10,10,5,1
2025-06-11,11,5,0
2025-06-12,12,5,0
2025-06-13,13,5,0
2025-06-14,14,5,0
2025-06-15,15,5,0
2025-06-16,16,5,0
2025-06-17,17,5,0
2025-06-18,18,5,0
2025-06-19,19,5,0
2025-06-20,20,5,0
2025-06-21,21,5,0
2025-06-22,22,5,0
2025-06-23,23,5,0
2025-06-24,24,5,0
2025-06-25,25,5,0
2025-06-26,26,5,0
2025-06-27,27,5,0
2025-06-28,28,5,0
2025-06-01,1,6,0
2025-06-02,2,6,0
2025-06-03,3,6,0
2025-06-04,4,6,0
2025-06-05,5,6,0
2025-06-06,6,6,0
2025-06-07,7,6,0
2025-06-08,8,6,0
2025-06-09,9,6,0
2025-06-10,10,6,0
2025-06-11,11,6,0
2025-06-12,12,6,0
2025-06-13,13,6,0
2025-06-14,14,6,0
2025-06-15,15,6,0
2025-06-16,16,6,0
2025-06-17,17,6,0
2025-06-18,18,6,0
2025-06-19,19,6,0
2025-06-20,20,6,0
2025-06-21,21,6,0
2025-06-22,22,6,0
2025-06-23,23,6,0
2025-06-24,24,6,0
2025-06-25,25,6,0
2025-06-26,26,6,0
2025-06-27,27,6,0
2025-06-28,28,6,0
2025-06-01,1,7,0
2025-06-02,2,7,0
2025-06-03,3,7,0
2025-06-04,4,7,0
2025-06-05,5,7,0
2025-06-06,6,7,0
2025-06-07,7,7,0
2025-06-08,8,7,0
2025-06-09,9,7,0
2025-06-10,10,7,0
2025-06-11,11,7,0
2025-06-12,12,7,0
2025-06-13,13,7,0
2025-06-14,14,7,0
2025-06-15,15,7,0
2025-06-16,16,7,0
2025-06-17,17,7,0
2025-06-18,18,7,0
2025-06-19,19,7,0
2025-06-20,20,7,0
2025-06-21,21,7,0
2025-06-22,22,7,0
2025-06-23,23,7,0
2025-06-24,24,7,0
2025-06-25,25,7,0
2025-06-26,26,7,0
2025-06-27,27,7,0
2025-06-28,28,7,1
2025-06-01,1,8,0
2025-06-02,2,8,0
2025-06-03,3,8,0
2025-06-04,4,8,0
2025-06-05,5,8,0
2025-06-06,6,8,0
2025-06-07,7,8,0
2025-06-08,8,8,0
2025-06-09,9,8,0
2025-06-10,10,8,0
2025-06-11,11,8,0
2025-06-12,12,8,0
2025-06-13,13,8,0
2025-06-14,14,8,0
2025-06-15,15,8,0
2025-06-16,16,8,0
2025-06-17,17,8,0
2025-06-18,18,8,0
2025-06-19,19,8,0
2025-06-20,20,8,0
2025-06-21,21,8,0
2025-06-22,22,8,0
2025-06-23,23,8,1
2025-06-24,24,8,0
2025-06-25,25,8,0
2025-06-26,26,8,0
2025-06-27,27,8,0
2025-06-28,28,8,0
2025-06-01,1,9,0
2025-06-02,2,9,0
2025-06-03,3,9,0
2025-06-04,4,9,0
2025-06-05,5,9,0
2025-06-06,6,9,0
2025-06-07,7,9,0
2025-06-08,8,9,0
2025-06-09,9,9,0
2025-06-10,10,9,0
2025-06-11,11,9,0
2025-06-12,12,9,0
2025-06-13,13,9,0
2025-06-14,14,9,0
2025-06-15,15,9,0
2025-06-16,16,9,0
2025-06-17,17,9,0
2025-06-18,18,9,0
2025-06-19,19,9,0
2025-06-20,20,9,0
2025-06-21,21,9,0
2025-06-22,22,9,0
2025-06-23,23,9,0
2025-06-24,24,9,0
2025-06-25,25,9,0
2025-06-26,26,9,0
2025-06-27,27,9,0
2025-06-28,28,9,0
2025-06-01,1,10,0
2025-06-02,2,10,0
2025-06-03,3,10,0
2025-06-04,4,10,0
2025-06-05,5,10,0
2025-06-06,6,10,0
2025-06-07,7,10,0
2025-06-08,8,10,0
2025-06-09,9,10,0
2025-06-10,10,10,0
2025-06-11,11,10,0
2025-06-12,12,10,0
2025-06-13,13,10,0
2025-06-14,14,10,0
2025-06-15,15,10,0
2025-06-16,16,10,0
2025-06-17,17,10,0
2025-06-18,18,10,0
2025-06-19,19,10,0
2025-06-20,20,10,0
2025-06-21,21,10,0
2025-06-22,22,10,0
2025-06-23,23,10,0
2025-06-24,24,10,0
2025-06-25,25,10,0
2025-06-26,26,10,0
2025-06-27,27,10,0
2025-06-28,28,10,0
2025-06-01,1,11,0
2025-06-02,2,11,0
2025-06-03,3,11,0
2025-06-04,4,11,0
2025-06-05,5,11,0
2025-06-06,6,11,0
2025-06-07,7,11,0
2025-06-08,8,11,0
2025-06-09,9,11,0
2025-06-10,10,11,0
2025-06-11,11,11,0
2025-06-12,12,11,0
2025-06-13,13,11,0
2025-06-14,14,11,0
2025-06-15,15,11,0
2025-06-16,16,11,0
2025-06-17,17,11,0
2025-06-18,18,11,0
2025-06-19,19,11,0
2025-06-20,20,11,0
2025-06-21,21,11,0
2025-06-22,22,11,0
2025-06-23,23,11,0
2025-06-24,24,11,0
2025-06-25,25,11,0
2025-06-26,26,11,0
2025-06-27,27,11,0
2025-06-28,28,11,0
2025-06-01,1,12,0
2025-06-02,2,12,0
2025-06-03,3,12,1
2025-06-04,4,12,0
2025-06-05,5,12,0
2025-06-06,6,12,0
2025-06-07,7,12,0
2025-06-08,8,12,0
2025-06-09,9,12,0
2025-06-10,10,12,0
2025-06-11,11,12,0
2025-06-12,12,12,0
2025-06-13,13,12,0
2025-06-14,14,12,1
2025-06-15,15,12,0
2025-06-16,16,12,0
2025-06-17,17,12,0
2025-06-18,18,12,0
2025-06-19,19,12,0
2025-06-20,20,12,0
2025-06-21,21,12,0
2025-06-22,22,12,0
2025-06-23,23,12,0
2025-06-24,24,12,0
2025-06-25,25,12,0
2025-06-26,26,12,0
2025-06-27,27,12,1
2025-06-28,28,12,0
2025-06-01,1,13,0
2025-06-02,2,13,0
2025-06-03,3,13,0
2025-06-04,4,13,0
2025-06-05,5,13,0
2025-06-06,6,13,0
2025-06-07,7,13,0
2025-06-08,8,13,0
2025-06-09,9,13,0
2025-06-10,10,13,0
2025-06-11,11,13,0
2025-06-12,12,13,0
2025-06-13,13,13,0
2025-06-14,14,13,0
2025-06-15,15,13,0
2025-06-16,16,13,0
2025-06-17,17,13,0
2025-06-18,18,13,0
2025-06-19,19,13,0
2025-06-20,20,13,0
2025-06-21,21,13,0
2025-06-22,22,13,0
2025-06-23,23,13,0
2025-06-24,24,13,0
2025-06-25,25,13,0
2025-06-26,26,13,0
2025-06-27,27,13,0
2025-06-28,28,13,0
2025-06-01,1,14,0
2025-06-02,2,14,0
2025-06-03,3,14,0
2025-06-04,4,14,0
2025-06-05,5,14,0
2025-06-06,6,14,0
2025-06-07,7,14,0
2025-06-08,8,14,0
2025-06-09,9,14,0
2025-06-10,10,14,0
2025-06-11,11,14,0
2025-06-12,12,14,1
2025-06-13,13,14,0
2025-06-14,14,14,0
2025-06-15,15,14,0
2025-06-16,16,14,0
2025-06-17,17,14,0
2025-06-18,18,14,0
2025-06-19,19,14,0
2025-06-20,20,14,0
2025-06-21,21,14,0
2025-06-22,22,14,0
2025-06-23,23,14,0
2025-06-24,24,14,0
2025-06-25,25,14,0
2025-06-26,26,14,0
2025-06-27,27,14,0
2025-06-28,28,14,0
2025-06-01,1,15,0
2025-06-02,2,15,0
2025-06-03,3,15,0
2025-06-04,4,15,0
2025-06-05,5,15,0
2025-06-06,6,15,0
2025-06-07,7,15,0
2025-06-08,8,15,1
2025-06-09,9,15,0
2025-06-10,10,15,0
2025-06-11,11,15,0
2025-06-12,12,15,0
2025-06-13,13,15,0
2025-06-14,14,15,0
2025-06-15,15,15,0
2025-06-16,16,15,0
2025-06-17,17,15,0
2025-06-18,18,15,0
2025-06-19,19,15,0
2025-06-20,20,15,0
2025-06-21,21,15,0
2025-06-22,22,15,0
2025-06-23,23,15,0
2025-06-24,24,15,0
2025-06-25,25,15,0
2025-06-26,26,15,0
2025-06-27,27,15,0
2025-06-28,28,15,0
2025-06-01,1,16,0
2025-06-02,2,16,0
2025-06-03,3,16,0
2025-06-04,4,16,0
2025-06-05,5,16,0
2025-06-06,6,16,0
2025-06-07,7,16,0
2025-06-08,8,16,0
2025-06-09,9,16,0
2025-06-10,10,16,0
2025-06-11,11,16,0
2025-06-12,12,16,0
2025-06-13,13,16,0
2025-06-14,14,16,0
2025-06-15,15,16,0
2025-06-16,16,16,0
2025-06-17,17,16,0
2025-06-18,18,16,0
2025-06-19,19,16,0
2025-06-20,20,16,0
2025-06-21,21,16,0
2025-06-22,22,16,0
2025-06-23,23,16,0
2025-06-24,24,16,0
2025-06-25,25,16,0
2025-06-26,26,16,0
2025-06-27,27,16,0
2025-06-28,28,16,0
2025-06-01,1,17,0
2025-06-02,2,17,0
2025-06-03,3,17,0
2025-06-04,4,17,1
2025-06-05,5,17,0
2025-06-06,6,17,0
2025-06-07,7,17,0
2025-06-08,8,17,0
2025-06-09,9,17,0
2025-06-10,10,17,0
2025-06-11,11,17,0
2025-06-12,12,17,1
2025-06-13,13,17,0
2025-06-14,14,17,0
2025-06-15,15,17,0
2025-06-16,16,17,0
2025-06-17,17,17,0
2025-06-18,18,17,0
2025-06-19,19,17,0
2025-06-20,20,17,0
2025-06-21,21,17,0
2025-06-22,22,17,0
2025-06-23,23,17,0
2025-06-24,24,17,0
2025-06-25,25,17,0
2025-06-26,26,17,0
2025-06-27,27,17,0
2025-06-28,28,17,0
2025-06-01,1,18,0
2025-06-02,2,18,0
2025-06-03,3,18,0
2025-06-04,4,18,1
2025-06-05,5,18,0
2025-06-06,6,18,0
2025-06-07,7,18,0
2025-06-08,8,18,0
2025-06-09,9,18,0
2025-06-10,10,18,0
2025-06-11,11,18,0
2025-06-12,12,18,0
2025-06-13,13,18,0
2025-06-14,14,18,0
2025-06-15,15,18,1
2025-06-16,16,18,0
2025-06-17,17,18,1
2025-06-18,18,18,0
2025-06-19,19,18,0
2025-06-20,20,18,0
2025-06-21,21,18,0
2025-06-22,22,18,0
2025-06-23,23,18,0
2025-06-24,24,18,0
2025-06-25,25,18,0
2025-06-26,26,18,0
2025-06-27,27,18,0
2025-06-28,28,18,0
2025-06-01,1,19,0
2025-06-02,2,19,0
2025-06-03,3,19,0
2025-06-04,4,19,0
2025-06-05,5,19,0
2025-06-06,6,19,0
2025-06-07,7,19,0
2025-06-08,8,19,0
2025-06-09,9,19,0
2025-06-10,10,19,0
2025-06-11,11,19,0
2025-06-12,12,19,1
2025-06-13,13,19,0
2025-06-14,14,19,0
2025-06-15,15,19,0
2025-06-16,16,19,0
2025-06-17,17,19,0
2025-06-18,18,19,0
2025-06-19,19,19,0
2025-06-20,20,19,0
2025-06-21,21,19,1
2025-06-22,22,19,0
2025-06-23,23,19,0
2025-06-24,24,19,0
2025-06-25,25,19,1
2025-06-26,26,19,0
2025-06-27,27,19,0
2025-06-28,28,19,0
2025-06-01,1,20,0
2025-06-02,2,20,0
2025-06-03,3,20,0
2025-06-04,4,20,0
2025-06-05,5,20,0
2025-06-06,6,20,0
2025-06-07,7,20,0
2025-06-08,8,20,0
2025-06-09,9,20,0
2025-06-10,10,20,0
2025-06-11,11,20,0
2025-06-12,12,20,0
2025-06-13,13,20,0
2025-06-14,14,20,0
2025-06-15,15,20,0
2025-06-16,16,20,0
2025-06-17,17,20,0
2025-06-18,18,20,0
2025-06-19,19,20,0
2025-06-20,20,20,0
2025-06-21,21,20,0
2025-06-22,22,20,0
2025-06-23,23,20,0
2025-06-24,24,20,0
2025-06-25,25,20,0
2025-06-26,26,20,0
2025-06-27,27,20,0
2025-06-28,28,20,0
2025-06-01,1,21,0
2025-06-02,2,21,0
2025-06-03,3,21,0
2025-06-04,4,21,0
2025-06-05,5,21,0
2025-06-06,6,21,0
2025-06-07,7,21,0
2025-06-08,8,21,0
2025-06-09,9,21,1
2025-06-10,10,21,0
2025-06-11,11,21,0
2025-06-12,12,21,0
2025-06-13,13,21,0
2025-06-14,14,21,0
2025-06-15,15,21,0
2025-06-16,16,21,0
2025-06-17,17,21,0
2025-06-18,18,21,1
2025-06-19,19,21,0
2025-06-20,20,21,0
2025-06-21,21,21,0
2025-06-22,22,21,0
2025-06-23,23,21,0
2025-06-24,24,21,0
2025-06-25,25,21,0
2025-06-26,26,21,0
2025-06-27,27,21,0
2025-06-28,28,21,0
2025-06-01,1,22,1
2025-06-02,2,22,0
2025-06-03,3,22,0
2025-06-04,4,22,0
2025-06-05,5,22,0
2025-06-06,6,22,0
2025-06-07,7,22,0
2025-06-08,8,22,0
2025-06-09,9,22,0
2025-06-10,10,22,0
2025-06-11,11,22,0
2025-06-12,12,22,0
2025-06-13,13,22,0
2025-06-14,14,22,0
2025-06-15,15,22,0
2025-06-16,16,22,0
2025-06-17,17,22,0
2025-06-18,18,22,0
2025-06-19,19,22,0
2025-06-20,20,22,0
2025-06-21,21,22,0
2025-06-22,22,22,0
2025-06-23,23,22,0
2025-06-24,24,22,0
2025-06-25,25,22,0
2025-06-26,26,22,0
2025-06-27,27,22,0
2025-06-28,28,22,0
2025-06-01,1,23,0
2025-06-02,2,23,0
2025-06-03,3,23,0
2025-06-04,4,23,0
2025-06-05,5,23,0
2025-06-06,6,23,0
2025-06-07,7,23,0
2025-06-08,8,23,0
2025-06-09,9,23,0
2025-06-10,10,23,0
2025-06-11,11,23,0
2025-06-12,12,23,0
2025-06-13,13,23,0
2025-06-14,14,23,0
2025-06-15,15,23,0
2025-06-16,16,23,0
2025-06-17,17,23,0
2025-06-18,18,23,0
2025-06-19,19,23,0
2025-06-20,20,23,0
2025-06-21,21,23,0
2025-06-22,22,23,0
2025-06-23,23,23,0
2025-06-24,24,23,0
2025-06-25,25,23,0
2025-06-26,26,23,0
2025-06-27,27,23,0
2025-06-28,28,23,0
2025-06-01,1,24,0
2025-06-02,2,24,0
2025-06-03,3,24,0
2025-06-04,4,24,0
2025-06-05,5,24,0
2025-06-06,6,24,0
2025-06-07,7,24,0
2025-06-08,8,24,0
2025-06-09,9,24,0
2025-06-10,10,24,0
2025-06-11,11,24,0
2025-06-12,12,24,0
2025-06-13,13,24,0
2025-06-14,14,24,0
2025-06-15,15,24,0
2025-06-16,16,24,0
2025-06-17,17,24,0
2025-06-18,18,24,0
2025-06-19,19,24,0
2025-06-20,20,24,0
2025-06-21,21,24,0
2025-06-22,22,24,0
2025-06-23,23,24,0
2025-06-24,24,24,0
2025-06-25,25,24,0
2025-06-26,26,24,0
2025-06-27,27,24,0
2025-06-28,28,24,0
2025-06-01,1,25,0
2025-06-02,2,25,1
2025-06-03,3,25,0
2025-06-04,4,25,0
2025-06-05,5,25,0
2025-06-06,6,25,0
2025-06-07,7,25,0
2025-06-08,8,25,0
2025-06-09,9,25,0
2025-06-10,10,25,0
2025-06-11,11,25,1
2025-06-12,12,25,0
2025-06-13,13,25,0
2025-06-14,14,25,0
2025-06-15,15,25,0
2025-06-16,16,25,0
2025-06-17,17,25,0
2025-06-18,18,25,0
2025-06-19,19,25,0
2025-06-20,20,25,0
2025-06-21,21,25,0
2025-06-22,22,25,0
2025-06-23,23,25,0
2025-06-24,24,25,0
2025-06-25,25,25,0
2025-06-26,26,25,0
2025-06-27,27,25,0
2025-06-28,28,25,0
2025-06-01,1,26,0
2025-06-02,2,26,0
2025-06-03,3,26,0
2025-06-04,4,26,0
2025-06-05,5,26,0
2025-06-06,6,26,0
2025-06-07,7,26,0
2025-06-08,8,26,0
2025-06-09,9,26,0
2025-06-10,10,26,0
2025-06-11,11,26,0
2025-06-12,12,26,0
2025-06-13,13,26,0
2025-06-14,14,26,0
2025-06-15,15,26,0
2025-06-16,16,26,0
2025-06-17,17,26,0
2025-06-18,18,26,0
2025-06-19,19,26,0
2025-06-20,20,26,0
2025-06-21,21,26,0
2025-06-22,22,26,0
2025-06-23,23,26,0
2025-06-24,24,26,0
2025-06-25,25,26,0
2025-06-26,26,26,0
2025-06-27,27,26,0
2025-06-28,28,26,0
2025-06-01,1,27,0
2025-06-02,2,27,1
2025-06-03,3,27,0
2025-06-04,4,27,0
2025-06-05,5,27,0
2025-06-06,6,27,0
2025-06-07,7,27,0
2025-06-08,8,27,1
2025-06-09,9,27,0
2025-06-10,10,27,0
2025-06-11,11,27,0
2025-06-12,12,27,0
2025-06-13,13,27,0
2025-06-14,14,27,1
2025-06-15,15,27,0
2025-06-16,16,27,0
2025-06-17,17,27,0
2025-06-18,18,27,0
2025-06-19,19,27,0
2025-06-20,20,27,0
2025-06-21,21,27,0
2025-06-22,22,27,0
2025-06-23,23,27,0
2025-06-24,24,27,0
2025-06-25,25,27,0
2025-06-26,26,27,0
2025-06-27,27,27,0
2025-06-28,28,27,0
2025-06-01,1,28,0
2025-06-02,2,28,0
2025-06-03,3,28,0
2025-06-04,4,28,0
2025-06-05,5,28,0
2025-06-06,6,28,1
2025-06-07,7,28,1
2025-06-08,8,28,0
2025-06-09,9,28,0
2025-06-10,10,28,0
2025-06-11,11,28,0
2025-06-12,12,28,0
2025-06-13,13,28,0
2025-06-14,14,28,0
2025-06-15,15,28,0
2025-06-16,16,28,0
2025-06-17,17,28,0
2025-06-18,18,28,0
2025-06-19,19,28,0
2025-06-20,20,28,0
2025-06-21,21,28,0
2025-06-22,22,28,0
2025-06-23,23,28,0
2025-06-24,24,28,0
2025-06-25,25,28,1
2025-06-26,26,28,0
2025-06-27,27,28,0
2025-06-28,28,28,0
2025-06-01,1,29,0
2025-06-02,2,29,0
2025-06-03,3,29,0
2025-06-04,4,29,0
2025-06-05,5,29,0
2025-06-06,6,29,0
2025-06-07,7,29,0
2025-06-08,8,29,0
2025-06-09,9,29,0
2025-06-10,10,29,0
2025-06-11,11,29,0
2025-06-12,12,29,0
2025-06-13,13,29,0
2025-06-14,14,29,0
2025-06-15,15,29,0
2025-06-16,16,29,0
2025-06-17,17,29,0
2025-06-18,18,29,0
2025-06-19,19,29,0
2025-06-20,20,29,0
2025-06-21,21,29,0
2025-06-22,22,29,0
2025-06-23,23,29,0
2025-06-24,24,29,0
2025-06-25,25,29,0
2025-06-26,26,29,0
2025-06-27,27,29,0
2025-06-28,28,29,0
2025-06-01,1,30,0
2025-06-02,2,30,0
2025-06-03,3,30,0
2025-06-04,4,30,0
2025-06-05,5,30,0
2025-06-06,6,30,0
2025-06-07,7,30,0
2025-06-08,8,30,0
2025-06-09,9,30,0
2025-06-10,10,30,0
2025-06-11,11,30,0
2025-06-12,12,30,0
2025-06-13,13,30,0
2025-06-14,14,30,0
2025-06-15,15,30,0
2025-06-16,16,30,0
2025-06-17,17,30,0
2025-06-18,18,30,0
2025-06-19,19,30,0
2025-06-20,20,30,0
2025-06-21,21,30,0
2025-06-22,22,30,0
2025-06-23,23,30,0
2025-06-24,24,30,0
2025-06-25,25,30,0
2025-06-26,26,30,0
2025-06-27,27,30,0
2025-06-28,28,30,0
2025-06-01,1,31,0
2025-06-02,2,31,0
2025-06-03,3,31,0
2025-06-04,4,31,0
2025-06-05,5,31,0
2025-06-06,6,31,0
2025-06-07,7,31,0
2025-06-08,8,31,0
2025-06-09,9,31,0
2025-06-10,10,31,0
2025-06-11,11,31,0
2025-06-12,12,31,1
2025-06-13,13,31,0
2025-06-14,14,31,0
2025-06-15,15,31,0
2025-06-16,16,31,0
2025-06-17,17,31,0
2025-06-18,18,31,0
2025-06-19,19,31,0
2025-06-20,20,31,0
2025-06-21,21,31,0
2025-06-22,22,31,0
2025-06-23,23,31,0
2025-06-24,24,31,0
2025-06-25,25,31,0
2025-06-26,26,31,0
2025-06-27,27,31,0
2025-06-28,28,31,0
2025-06-01,1,32,0
2025-06-02,2,32,0
2025-06-03,3,32,0
2025-06-04,4,32,0
2025-06-05,5,32,0
2025-06-06,6,32,0
2025-06-07,7,32,0
2025-06-08,8,32,0
2025-06-09,9,32,0
2025-06-10,10,32,0
2025-06-11,11,32,0
2025-06-12,12,32,0
2025-06-13,13,32,0
2025-06-14,14,32,0
2025-06-15,15,32,0
2025-06-16,16,32,0
2025-06-17,17,32,0
2025-06-18,18,32,0
2025-06-19,19,32,0
2025-06-20,20,32,0
2025-06-21,21,32,0
2025-06-22,22,32,0
2025-06-23,23,32,1
2025-06-24,24,32,0
2025-06-25,25,32,0
2025-06-26,26,32,0
2025-06-27,27,32,0
2025-06-28,28,32,1
2025-06-01,1,33,0
2025-06-02,2,33,0
2025-06-03,3,33,0
2025-06-04,4,33,0
2025-06-05,5,33,0
2025-06-06,6,33,0
2025-06-07,7,33,1
2025-06-08,8,33,0
2025-06-09,9,33,0
2025-06-10,10,33,0
2025-06-11,11,33,0
2025-06-12,12,33,0
2025-06-13,13,33,0
2025-06-14,14,33,0
2025-06-15,15,33,0
2025-06-16,16,33,0
2025-06-17,17,33,0
2025-06-18,18,33,0
2025-06-19,19,33,0
2025-06-20,20,33,0
2025-06-21,21,33,0
2025-06-22,22,33,0
2025-06-23,23,33,0
2025-06-24,24,33,1
2025-06-25,25,33,0
2025-06-26,26,33,0
2025-06-27,27,33,0
2025-06-28,28,33,0
2025-06-01,1,34,0
2025-06-02,2,34,0
2025-06-03,3,34,0
2025-06-04,4,34,0
2025-06-05,5,34,0
2025-06-06,6,34,0
2025-06-07,7,34,0
2025-06-08,8,34,0
2025-06-09,9,34,0
2025-06-10,10,34,0
2025-06-11,11,34,1
2025-06-12,12,34,0
2025-06-13,13,34,0
2025-06-14,14,34,0
2025-06-15,15,34,0
2025-06-16,16,34,0
2025-06-17,17,34,0
2025-06-18,18,34,0
2025-06-19,19,34,0
2025-06-20,20,34,0
2025-06-21,21,34,0
2025-06-22,22,34,0
2025-06-23,23,34,0
2025-06-24,24,34,0
2025-06-25,25,34,0
2025-06-26,26,34,0
2025-06-27,27,34,0
2025-06-28,28,34,0
2025-06-01,1,35,0
2025-06-02,2,35,0
2025-06-03,3,35,0
2025-06-04,4,35,0
2025-06-05,5,35,0
2025-06-06,6,35,0
2025-06-07,7,35,0
2025-06-08,8,35,0
2025-06-09,9,35,0
2025-06-10,10,35,0
2025-06-11,11,35,0
2025-06-12,12,35,0
2025-06-13,13,35,0
2025-06-14,14,35,0
2025-06-15,15,35,0
2025-06-16,16,35,0
2025-06-17,17,35,0
2025-06-18,18,35,0
2025-06-19,19,35,0
2025-06-20,20,35,0
2025-06-21,21,35,0
2025-06-22,22,35,0
2025-06-23,23,35,0
2025-06-24,24,35,0
2025-06-25,25,35,0
2025-06-26,26,35,0
2025-06-27,27,35,0
2025-06-28,28,35,0
2025-06-01,1,36,0
2025-06-02,2,36,0
2025-06-03,3,36,0
2025-06-04,4,36,0
2025-06-05,5,36,0
2025-06-06,6,36,0
2025-06-07,7,36,0
2025-06-08,8,36,0
2025-06-09,9,36,0
2025-06-10,10,36,0
2025-06-11,11,36,0
2025-06-12,12,36,0
2025-06-13,13,36,0
2025-06-14,14,36,0
2025-06-15,15,36,1
2025-06-16,16,36,0
2025-06-17,17,36,1
2025-06-18,18,36,0
2025-06-19,19,36,0
2025-06-20,20,36,0
2025-06-21,21,36,0
2025-06-22,22,36,0
2025-06-23,23,36,0
2025-06-24,24,36,0
2025-06-25,25,36,0
2025-06-26,26,36,0
2025-06-27,27,36,0
2025-06-28,28,36,0
2025-06-01,1,37,0
2025-06-02,2,37,0
2025-06-03,3,37,0
2025-06-04,4,37,0
2025-06-05,5,37,0
2025-06-06,6,37,0
2025-06-07,7,37,0
2025-06-08,8,37,0
2025-06-09,9,37,0
2025-06-10,10,37,0
2025-06-11,11,37,0
2025-06-12,12,37,0
2025-06-13,13,37,0
2025-06-14,14,37,0
2025-06-15,15,37,0
2025-06-16,16,37,0
2025-06-17,17,37,0
2025-06-18,18,37,0
2025-06-19,19,37,0
2025-06-20,20,37,0
2025-06-21,21,37,0
2025-06-22,22,37,0
2025-06-23,23,37,0
2025-06-24,24,37,0
2025-06-25,25,37,0
2025-06-26,26,37,0
2025-06-27,27,37,0
2025-06-28,28,37,0
2025-06-01,1,38,0
2025-06-02,2,38,0
2025-06-03,3,38,0
2025-06-04,4,38,0
2025-06-05,5,38,1
2025-06-06,6,38,0
2025-06-07,7,38,0
2025-06-08,8,38,0
2025-06-09,9,38,0
2025-06-10,10,38,0
2025-06-11,11,38,0
2025-06-12,12,38,0
2025-06-13,13,38,0
2025-06-14,14,38,0
2025-06-15,15,38,0
2025-06-16,16,38,0
2025-06-17,17,38,1
2025-06-18,18,38,0
2025-06-19,19,38,0
2025-06-20,20,38,0
2025-06-21,21,38,0
2025-06-22,22,38,0
2025-06-23,23,38,0
2025-06-24,24,38,0
2025-06-25,25,38,0
2025-06-26,26,38,0
2025-06-27,27,38,0
2025-06-28,28,38,0
2025-06-01,1,39,0
2025-06-02,2,39,0
2025-06-03,3,39,0
2025-06-04,4,39,0
2025-06-05,5,39,0
2025-06-06,6,39,0
2025-06-07,7,39,0
2025-06-08,8,39,0
2025-06-09,9,39,0
2025-06-10,10,39,0
2025-06-11,11,39,0
2025-06-12,12,39,0
2025-06-13,13,39,0
2025-06-14,14,39,1
2025-06-15,15,39,0
2025-06-16,16,39,0
2025-06-17,17,39,0
2025-06-18,18,39,0
2025-06-19,19,39,0
2025-06-20,20,39,0
2025-06-21,21,39,0
2025-06-22,22,39,0
2025-06-23,23,39,0
2025-06-24,24,39,0
2025-06-25,25,39,0
2025-06-26,26,39,0
2025-06-27,27,39,0
2025-06-28,28,39,0
2025-06-01,1,40,0
2025-06-02,2,40,0
2025-06-03,3,40,0
2025-06-04,4,40,0
2025-06-05,5,40,0
2025-06-06,6,40,0
2025-06-07,7,40,0
2025-06-08,8,40,0
2025-06-09,9,40,0
2025-06-10,10,40,0
2025-06-11,11,40,0
2025-06-12,12,40,0
2025-06-13,13,40,0
2025-06-14,14,40,0
2025-06-15,15,40,0
2025-06-16,16,40,1
2025-06-17,17,40,0
2025-06-18,18,40,0
2025-06-19,19,40,0
2025-06-20,20,40,0
2025-06-21,21,40,0
2025-06-22,22,40,0
2025-06-23,23,40,0
2025-06-24,24,40,0
2025-06-25,25,40,0
2025-06-26,26,40,0
2025-06-27,27,40,0
2025-06-28,28,40,0
2025-06-01,1,41,0
2025-06-02,2,41,0
2025-06-03,3,41,0
2025-06-04,4,41,0
2025-06-05,5,41,0
2025-06-06,6,41,0
2025-06-07,7,41,0
2025-06-08,8,41,0
2025-06-09,9,41,0
2025-06-10,10,41,0
2025-06-11,11,41,0
2025-06-12,12,41,0
2025-06-13,13,41,0
2025-06-14,14,41,0
2025-06-15,15,41,0
2025-06-16,16,41,0
2025-06-17,17,41,0
2025-06-18,18,41,0
2025-06-19,19,41,0
2025-06-20,20,41,0
2025-06-21,21,41,0
2025-06-22,22,41,1
2025-06-23,23,41,0
2025-06-24,24,41,0
2025-06-25,25,41,1
2025-06-26,26,41,0
2025-06-27,27,41,0
2025-06-28,28,41,0
2025-06-01,1,42,0
2025-06-02,2,42,0
2025-06-03,3,42,0
2025-06-04,4,42,0
2025-06-05,5,42,0
2025-06-06,6,42,0
2025-06-07,7,42,0
2025-06-08,8,42,0
2025-06-09,9,42,0
2025-06-10,10,42,0
2025-06-11,11,42,0
2025-06-12,12,42,0
2025-06-13,13,42,0
2025-06-14,14,42,0
2025-06-15,15,42,0
2025-06-16,16,42,0
2025-06-17,17,42,0
2025-06-18,18,42,0
2025-06-19,19,42,0
2025-06-20,20,42,0
2025-06-21,21,42,0
2025-06-22,22,42,0
2025-06-23,23,42,0
2025-06-24,24,42,0
2025-06-25,25,42,0
2025-06-26,26,42,1
2025-06-27,27,42,1
2025-06-28,28,42,0
2025-06-01,1,43,0
2025-06-02,2,43,0
2025-06-03,3,43,0
2025-06-04,4,43,0
2025-06-05,5,43,0
2025-06-06,6,43,0
2025-06-07,7,43,0
2025-06-08,8,43,0
2025-06-09,9,43,0
2025-06-10,10,43,0
2025-06-11,11,43,1
2025-06-12,12,43,0
2025-06-13,13,43,0
2025-06-14,14,43,1
2025-06-15,15,43,0
2025-06-16,16,43,0
2025-06-17,17,43,0
2025-06-18,18,43,0
2025-06-19,19,43,0
2025-06-20,20,43,0
2025-06-21,21,43,0
2025-06-22,22,43,0
2025-06-23,23,43,0
2025-06-24,24,43,0
2025-06-25,25,43,0
2025-06-26,26,43,0
2025-06-27,27,43,0
2025-06-28,28,43,0
2025-06-01,1,44,0
2025-06-02,2,44,0
2025-06-03,3,44,0
2025-06-04,4,44,0
2025-06-05,5,44,0
2025-06-06,6,44,0
2025-06-07,7,44,0
2025-06-08,8,44,0
2025-06-09,9,44,0
2025-06-10,10,44,0
2025-06-11,11,44,0
2025-06-12,12,44,1
2025-06-13,13,44,0
2025-06-14,14,44,0
2025-06-15,15,44,0
2025-06-16,16,44,0
2025-06-17,17,44,0
2025-06-18,18,44,0
2025-06-19,19,44,0
2025-06-20,20,44,0
2025-06-21,21,44,0
2025-06-22,22,44,0
2025-06-23,23,44,0
2025-06-24,24,44,0
2025-06-25,25,44,0
2025-06-26,26,44,0
2025-06-27,27,44,0
2025-06-28,28,44,0
2025-06-01,1,45,0
2025-06-02,2,45,0
2025-06-03,3,45,0
2025-06-04,4,45,0
2025-06-05,5,45,0
2025-06-06,6,45,0
2025-06-07,7,45,0
2025-06-08,8,45,0
2025-06-09,9,45,0
2025-06-10,10,45,1
2025-06-11,11,45,0
2025-06-12,12,45,0
2025-06-13,13,45,0
2025-06-14,14,45,0
2025-06-15,15,45,0
2025-06-16,16,45,0
2025-06-17,17,45,0
2025-06-18,18,45,0
2025-06-19,19,45,0
2025-06-20,20,45,0
2025-06-21,21,45,0
2025-06-22,22,45,0
2025-06-23,23,45,0
2025-06-24,24,45,0
2025-06-25,25,45,0
2025-06-26,26,45,0
2025-06-27,27,45,0
2025-06-28,28,45,0
2025-06-01,1,46,0
2025-06-02,2,46,0
2025-06-03,3,46,0
2025-06-04,4,46,0
2025-06-05,5,46,0
2025-06-06,6,46,0
2025-06-07,7,46,0
2025-06-08,8,46,0
2025-06-09,9,46,0
2025-06-10,10,46,0
2025-06-11,11,46,0
2025-06-12,12,46,0
2025-06-13,13,46,0
2025-06-14,14,46,0
2025-06-15,15,46,0
2025-06-16,16,46,0
2025-06-17,17,46,0
2025-06-18,18,46,0
2025-06-19,19,46,0
2025-06-20,20,46,0
2025-06-21,21,46,0
2025-06-22,22,46,0
2025-06-23,23,46,0
2025-06-24,24,46,0
2025-06-25,25,46,0
2025-06-26,26,46,0
2025-06-27,27,46,0
2025-06-28,28,46,0
2025-06-01,1,47,0
2025-06-02,2,47,0
2025-06-03,3,47,0
2025-06-04,4,47,0
2025-06-05,5,47,0
2025-06-06,6,47,0
2025-06-07,7,47,0
2025-06-08,8,47,0
2025-06-09,9,47,0
2025-06-10,10,47,0
2025-06-11,11,47,0
2025-06-12,12,47,0
2025-06-13,13,47,0
2025-06-14,14,47,0
2025-06-15,15,47,1
2025-06-16,16,47,0
2025-06-17,17,47,0
2025-06-18,18,47,0
2025-06-19,19,47,0
2025-06-20,20,47,0
2025-06-21,21,47,0
2025-06-22,22,47,0
2025-06-23,23,47,0
2025-06-24,24,47,0
2025-06-25,25,47,0
2025-06-26,26,47,0
2025-06-27,27,47,0
2025-06-28,28,47,0
2025-06-01,1,48,0
2025-06-02,2,48,0
2025-06-03,3,48,0
2025-06-04,4,48,0
2025-06-05,5,48,0
2025-06-06,6,48,0
2025-06-07,7,48,0
2025-06-08,8,48,0
2025-06-09,9,48,0
2025-06-10,10,48,0
2025-06-11,11,48,1
2025-06-12,12,48,0
2025-06-13,13,48,0
2025-06-14,14,48,0
2025-06-15,15,48,0
2025-06-16,16,48,0
2025-06-17,17,48,0
2025-06-18,18,48,0
2025-06-19,19,48,0
2025-06-20,20,48,0
2025-06-21,21,48,0
2025-06-22,22,48,0
2025-06-23,23,48,0
2025-06-24,24,48,0
2025-06-25,25,48,0
2025-06-26,26,48,0
2025-06-27,27,48,0
2025-06-28,28,48,0
2025-06-01,1,49,0
2025-06-02,2,49,0
2025-06-03,3,49,0
2025-06-04,4,49,0
2025-06-05,5,49,0
2025-06-06,6,49,0
2025-06-07,7,49,0
2025-06-08,8,49,0
2025-06-09,9,49,0
2025-06-10,10,49,0
2025-06-11,11,49,0
2025-06-12,12,49,0
2025-06-13,13,49,1
2025-06-14,14,49,0
2025-06-15,15,49,0
2025-06-16,16,49,0
2025-06-17,17,49,0
2025-06-18,18,49,0
2025-06-19,19,49,0
2025-06-20,20,49,0
2025-06-21,21,49,0
2025-06-22,22,49,0
2025-06-23,23,49,0
2025-06-24,24,49,0
2025-06-25,25,49,0
2025-06-26,26,49,0
2025-06-27,27,49,0
2025-06-28,28,49,0
2025-06-01,1,50,0
2025-06-02,2,50,0
2025-06-03,3,50,0
2025-06-04,4,50,0
2025-06-05,5,50,0
2025-06-06,6,50,0
2025-06-07,7,50,0
2025-06-08,8,50,1
2025-06-09,9,50,0
2025-06-10,10,50,0
2025-06-11,11,50,0
2025-06-12,12,50,0
2025-06-13,13,50,0
2025-06-14,14,50,0
2025-06-15,15,50,0
2025-06-16,16,50,0
2025-06-17,17,50,0
2025-06-18,18,50,0
2025-06-19,19,50,0
2025-06-20,20,50,0
2025-06-21,21,50,0
2025-06-22,22,50,0
2025-06-23,23,50,0
2025-06-24,24,50,0
2025-06-25,25,50,0
2025-06-26,26,50,0
2025-06-27,27,50,0
2025-06-28,28,50,0
2025-06-01,1,51,0
2025-06-02,2,51,0
2025-06-03,3,51,0
2025-06-04,4,51,0
2025-06-05,5,51,0
2025-06-06,6,51,0
2025-06-07,7,51,0
2025-06-08,8,51,0
2025-06-09,9,51,0
2025-06-10,10,51,0
2025-06-11,11,51,0
2025-06-12,12,51,0
2025-06-13,13,51,0
2025-06-14,14,51,0
2025-06-15,15,51,0
2025-06-16,16,51,0
2025-06-17,17,51,0
2025-06-18,18,51,0
2025-06-19,19,51,0
2025-06-20,20,51,0
2025-06-21,21,51,0
2025-06-22,22,51,0
2025-06-23,23,51,0
2025-06-24,24,51,0
2025-06-25,25,51,1
2025-06-26,26,51,0
2025-06-27,27,51,1
2025-06-28,28,51,0
2025-06-01,1,52,0
2025-06-02,2,52,0
2025-06-03,3,52,0
2025-06-04,4,52,0
2025-06-05,5,52,0
2025-06-06,6,52,0
2025-06-07,7,52,0
2025-06-08,8,52,0
2025-06-09,9,52,0
2025-06-10,10,52,0
2025-06-11,11,52,0
2025-06-12,12,52,0
2025-06-13,13,52,0
2025-06-14,14,52,0
2025-06-15,15,52,0
2025-06-16,16,52,0
2025-06-17,17,52,0
2025-06-18,18,52,0
2025-06-19,19,52,1
2025-06-20,20,52,0
2025-06-21,21,52,0
2025-06-22,22,52,0
2025-06-23,23,52,0
2025-06-24,24,52,0
2025-06-25,25,52,0
2025-06-26,26,52,0
2025-06-27,27,52,0
2025-06-28,28,52,0
2025-06-01,1,53,0
2025-06-02,2,53,0
2025-06-03,3,53,0
2025-06-04,4,53,0
2025-06-05,5,53,0
2025-06-06,6,53,0
2025-06-07,7,53,0
2025-06-08,8,53,0
2025-06-09,9,53,0
2025-06-10,10,53,0
2025-06-11,11,53,0
2025-06-12,12,53,0
2025-06-13,13,53,0
2025-06-14,14,53,0
2025-06-15,15,53,0
2025-06-16,16,53,0
2025-06-17,17,53,0
2025-06-18,18,53,0
2025-06-19,19,53,0
2025-06-20,20,53,0
2025-06-21,21,53,0
2025-06-22,22,53,0
2025-06-23,23,53,0
2025-06-24,24,53,0
2025-06-25,25,53,0
2025-06-26,26,53,0
2025-06-27,27,53,0
2025-06-28,28,53,0
2025-06-01,1,54,0
2025-06-02,2,54,0
2025-06-03,3,54,0
2025-06-04,4,54,0
2025-06-05,5,54,0
2025-06-06,6,54,0
2025-06-07,7,54,0
2025-06-08,8,54,0
2025-06-09,9,54,0
2025-06-10,10,54,0
2025-06-11,11,54,0
2025-06-12,12,54,0
2025-06-13,13,54,0
2025-06-14,14,54,0
2025-06-15,15,54,0
2025-06-16,16,54,0
2025-06-17,17,54,0
2025-06-18,18,54,0
2025-06-19,19,54,0
2025-06-20,20,54,0
2025-06-21,21,54,0
2025-06-22,22,54,0
2025-06-23,23,54,1
2025-06-24,24,54,0
2025-06-25,25,54,0
2025-06-26,26,54,0
2025-06-27,27,54,0
2025-06-28,28,54,0
2025-06-01,1,55,0
2025-06-02,2,55,0
2025-06-03,3,55,0
2025-06-04,4,55,0
2025-06-05,5,55,0
2025-06-06,6,55,0
2025-06-07,7,55,0
2025-06-08,8,55,0
2025-06-09,9,55,0
2025-06-10,10,55,0
2025-06-11,11,55,0
2025-06-12,12,55,0
2025-06-13,13,55,0
2025-06-14,14,55,0
2025-06-15,15,55,0
2025-06-16,16,55,0
2025-06-17,17,55,1
2025-06-18,18,55,0
2025-06-19,19,55,0
2025-06-20,20,55,0
2025-06-21,21,55,0
2025-06-22,22,55,0
2025-06-23,23,55,0
2025-06-24,24,55,0
2025-06-25,25,55,0
2025-06-26,26,55,0
2025-06-27,27,55,0
2025-06-28,28,55,0
2025-06-01,1,56,0
2025-06-02,2,56,0
2025-06-03,3,56,0
2025-06-04,4,56,0
2025-06-05,5,56,0
2025-06-06,6,56,0
2025-06-07,7,56,0
2025-06-08,8,56,0
2025-06-09,9,56,0
2025-06-10,10,56,0
2025-06-11,11,56,0
2025-06-12,12,56,0
2025-06-13,13,56,0
2025-06-14,14,56,0
2025-06-15,15,56,0
2025-06-16,16,56,0
2025-06-17,17,56,0
2025-06-18,18,56,0
2025-06-19,19,56,0
2025-06-20,20,56,0
2025-06-21,21,56,0
2025-06-22,22,56,0
2025-06-23,23,56,0
2025-06-24,24,56,0
2025-06-25,25,56,0
2025-06-26,26,56,0
2025-06-27,27,56,0
2025-06-28,28,56,0
2025-06-01,1,57,0
2025-06-02,2,57,0
2025-06-03,3,57,0
2025-06-04,4,57,0
2025-06-05,5,57,0
2025-06-06,6,57,0
2025-06-07,7,57,0
2025-06-08,8,57,0
2025-06-09,9,57,0
2025-06-10,10,57,0
2025-06-11,11,57,0
2025-06-12,12,57,0
2025-06-13,13,57,0
2025-06-14,14,57,0
2025-06-15,15,57,0
2025-06-16,16,57,0
2025-06-17,17,57,0
2025-06-18,18,57,0
2025-06-19,19,57,0
2025-06-20,20,57,0
2025-06-21,21,57,0
2025-06-22,22,57,0
2025-06-23,23,57,0
2025-06-24,24,57,0
2025-06-25,25,57,0
2025-06-26,26,57,0
2025-06-27,27,57,0
2025-06-28,28,57,0
2025-06-01,1,58,0
2025-06-02,2,58,0
2025-06-03,3,58,0
2025-06-04,4,58,0
2025-06-05,5,58,0
2025-06-06,6,58,0
2025-06-07,7,58,0
2025-06-08,8,58,1
2025-06-09,9,58,0
2025-06-10,10,58,0
2025-06-11,11,58,1
2025-06-12,12,58,0
2025-06-13,13,58,0
2025-06-14,14,58,0
2025-06-15,15,58,0
2025-06-16,16,58,0
2025-06-17,17,58,0
2025-06-18,18,58,0
2025-06-19,19,58,0
2025-06-20,20,58,0
2025-06-21,21,58,0
2025-06-22,22,58,0
2025-06-23,23,58,0
2025-06-24,24,58,0
2025-06-25,25,58,0
2025-06-26,26,58,0
2025-06-27,27,58,0
2025-06-28,28,58,0
2025-06-01,1,59,0
2025-06-02,2,59,0
2025-06-03,3,59,0
2025-06-04,4,59,0
2025-06-05,5,59,0
2025-06-06,6,59,0
2025-06-07,7,59,0
2025-06-08,8,59,0
2025-06-09,9,59,0
2025-06-10,10,59,0
2025-06-11,11,59,0
2025-06-12,12,59,1
2025-06-13,13,59,0
2025-06-14,14,59,0
2025-06-15,15,59,0
2025-06-16,16,59,0
2025-06-17,17,59,0
2025-06-18,18,59,0
2025-06-19,19,59,0
2025-06-20,20,59,0
2025-06-21,21,59,0
2025-06-22,22,59,0
2025-06-23,23,59,0
2025-06-24,24,59,0
2025-06-25,25,59,0
2025-06-26,26,59,0
2025-06-27,27,59,0
2025-06-28,28,59,0
2025-06-01,1,60,0
2025-06-02,2,60,0
2025-06-03,3,60,0
2025-06-04,4,60,0
2025-06-05,5,60,0
2025-06-06,6,60,0
2025-06-07,7,60,0
2025-06-08,8,60,0
2025-06-09,9,60,0
2025-06-10,10,60,0
2025-06-11,11,60,0
2025-06-12,12,60,0
2025-06-13,13,60,0
2025-06-14,14,60,0
2025-06-15,15,60,0
2025-06-16,16,60,0
2025-06-17,17,60,0
2025-06-18,18,60,0
2025-06-19,19,60,0
2025-06-20,20,60,0
2025-06-21,21,60,0
2025-06-22,22,60,0
2025-06-23,23,60,0
2025-06-24,24,60,0
2025-06-25,25,60,0
2025-06-26,26,60,1
2025-06-27,27,60,0
2025-06-28,28,60,0
2025-06-01,1,61,0
2025-06-02,2,61,0
2025-06-03,3,61,0
2025-06-04,4,61,0
2025-06-05,5,61,0
2025-06-06,6,61,0
2025-06-07,7,61,0
2025-06-08,8,61,0
2025-06-09,9,61,0
2025-06-10,10,61,0
2025-06-11,11,61,0
2025-06-12,12,61,0
2025-06-13,13,61,0
2025-06-14,14,61,1
2025-06-15,15,61,0
2025-06-16,16,61,0
2025-06-17,17,61,0
2025-06-18,18,61,0
2025-06-19,19,61,0
2025-06-20,20,61,0
2025-06-21,21,61,0
2025-06-22,22,61,0
2025-06-23,23,61,0
2025-06-24,24,61,0
2025-06-25,25,61,0
2025-06-26,26,61,1
2025-06-27,27,61,0
2025-06-28,28,61,0
2025-06-01,1,62,0
2025-06-02,2,62,0
2025-06-03,3,62,0
2025-06-04,4,62,0
2025-06-05,5,62,0
2025-06-06,6,62,0
2025-06-07,7,62,0
2025-06-08,8,62,0
2025-06-09,9,62,0
2025-06-10,10,62,0
2025-06-11,11,62,0
2025-06-12,12,62,0
2025-06-13,13,62,0
2025-06-14,14,62,0
2025-06-15,15,62,0
2025-06-16,16,62,0
2025-06-17,17,62,0
2025-06-18,18,62,0
2025-06-19,19,62,0
2025-06-20,20,62,0
2025-06-21,21,62,0
2025-06-22,22,62,0
2025-06-23,23,62,0
2025-06-24,24,62,0
2025-06-25,25,62,0
2025-06-26,26,62,0
2025-06-27,27,62,0
2025-06-28,28,62,0
2025-06-01,1,63,0
2025-06-02,2,63,0
2025-06-03,3,63,0
2025-06-04,4,63,0
2025-06-05,5,63,1
2025-06-06,6,63,0
2025-06-07,7,63,1
2025-06-08,8,63,0
2025-06-09,9,63,0
2025-06-10,10,63,0
2025-06-11,11,63,0
2025-06-12,12,63,0
2025-06-13,13,63,0
2025-06-14,14,63,0
2025-06-15,15,63,0
2025-06-16,16,63,0
2025-06-17,17,63,0
2025-06-18,18,63,0
2025-06-19,19,63,0
2025-06-20,20,63,0
2025-06-21,21,63,0
2025-06-22,22,63,0
2025-06-23,23,63,0
2025-06-24,24,63,0
2025-06-25,25,63,0
2025-06-26,26,63,0
2025-06-27,27,63,0
2025-06-28,28,63,0
2025-06-01,1,64,0
2025-06-02,2,64,0
2025-06-03,3,64,0
2025-06-04,4,64,0
2025-06-05,5,64,0
2025-06-06,6,64,0
2025-06-07,7,64,0
2025-06-08,8,64,1
2025-06-09,9,64,0
2025-06-10,10,64,1
2025-06-11,11,64,1
2025-06-12,12,64,0
2025-06-13,13,64,0
2025-06-14,14,64,0
2025-06-15,15,64,0
2025-06-16,16,64,1
2025-06-17,17,64,0
2025-06-18,18,64,0
2025-06-19,19,64,0
2025-06-20,20,64,0
2025-06-21,21,64,0
2025-06-22,22,64,0
2025-06-23,23,64,0
2025-06-24,24,64,0
2025-06-25,25,64,0
2025-06-26,26,64,0
2025-06-27,27,64,0
2025-06-28,28,64,0
2025-06-01,1,65,0
2025-06-02,2,65,0
2025-06-03,3,65,1
2025-06-04,4,65,0
2025-06-05,5,65,0
2025-06-06,6,65,0
2025-06-07,7,65,0
2025-06-08,8,65,0
2025-06-09,9,65,0
2025-06-10,10,65,0
2025-06-11,11,65,0
2025-06-12,12,65,0
2025-06-13,13,65,0
2025-06-14,14,65,0
2025-06-15,15,65,0
2025-06-16,16,65,0
2025-06-17,17,65,0
2025-06-18,18,65,0
2025-06-19,19,65,0
2025-06-20,20,65,0
2025-06-21,21,65,0
2025-06-22,22,65,0
2025-06-23,23,65,0
2025-06-24,24,65,0
2025-06-25,25,65,1
2025-06-26,26,65,0
2025-06-27,27,65,0
2025-06-28,28,65,0
2025-06-01,1,66,1
2025-06-02,2,66,0
2025-06-03,3,66,0
2025-06-04,4,66,0
2025-06-05,5,66,0
2025-06-06,6,66,0
2025-06-07,7,66,0
2025-06-08,8,66,0
2025-06-09,9,66,0
2025-06-10,10,66,0
2025-06-11,11,66,0
2025-06-12,12,66,0
2025-06-13,13,66,0
2025-06-14,14,66,1
2025-06-15,15,66,0
2025-06-16,16,66,0
2025-06-17,17,66,0
2025-06-18,18,66,0
2025-06-19,19,66,0
2025-06-20,20,66,0
2025-06-21,21,66,0
2025-06-22,22,66,0
2025-06-23,23,66,0
2025-06-24,24,66,0
2025-06-25,25,66,0
2025-06-26,26,66,0
2025-06-27,27,66,0
2025-06-28,28,66,0
2025-06-01,1,67,0
2025-06-02,2,67,0
2025-06-03,3,67,0
2025-06-04,4,67,0
2025-06-05,5,67,0
2025-06-06,6,67,0
2025-06-07,7,67,0
2025-06-08,8,67,0
2025-06-09,9,67,0
2025-06-10,10,67,0
2025-06-11,11,67,0
2025-06-12,12,67,0
2025-06-13,13,67,0
2025-06-14,14,67,0
2025-06-15,15,67,0
2025-06-16,16,67,0
2025-06-17,17,67,0
2025-06-18,18,67,0
2025-06-19,19,67,0
2025-06-20,20,67,0
2025-06-21,21,67,0
2025-06-22,22,67,0
2025-06-23,23,67,0
2025-06-24,24,67,0
2025-06-25,25,67,0
2025-06-26,26,67,0
2025-06-27,27,67,0
2025-06-28,28,67,0
2025-06-01,1,68,0
2025-06-02,2,68,0
2025-06-03,3,68,0
2025-06-04,4,68,0
2025-06-05,5,68,1
2025-06-06,6,68,0
2025-06-07,7,68,0
2025-06-08,8,68,0
2025-06-09,9,68,0
2025-06-10,10,68,0
2025-06-11,11,68,0
2025-06-12,12,68,0
2025-06-13,13,68,0
2025-06-14,14,68,0
2025-06-15,15,68,0
2025-06-16,16,68,0
2025-06-17,17,68,0
2025-06-18,18,68,0
2025-06-19,19,68,0
2025-06-20,20,68,0
2025-06-21,21,68,0
2025-06-22,22,68,0
2025-06-23,23,68,0
2025-06-24,24,68,0
2025-06-25,25,68,0
2025-06-26,26,68,0
2025-06-27,27,68,0
2025-06-28,28,68,0
2025-06-01,1,69,0
2025-06-02,2,69,0
2025-06-03,3,69,0
2025-06-04,4,69,0
2025-06-05,5,69,0
2025-06-06,6,69,0
2025-06-07,7,69,0
2025-06-08,8,69,0
2025-06-09,9,69,0
2025-06-10,10,69,0
2025-06-11,11,69,0
2025-06-12,12,69,0
2025-06-13,13,69,0
2025-06-14,14,69,0
2025-06-15,15,69,0
2025-06-16,16,69,0
2025-06-17,17,69,0
2025-06-18,18,69,0
2025-06-19,19,69,0
2025-06-20,20,69,0
2025-06-21,21,69,0
2025-06-22,22,69,0
2025-06-23,23,69,0
2025-06-24,24,69,0
2025-06-25,25,69,0
2025-06-26,26,69,0
2025-06-27,27,69,0
2025-06-28,28,69,0
2025-06-01,1,70,0
2025-06-02,2,70,0
2025-06-03,3,70,0
2025-06-04,4,70,0
2025-06-05,5,70,0
2025-06-06,6,70,0
2025-06-07,7,70,1
2025-06-08,8,70,0
2025-06-09,9,70,0
2025-06-10,10,70,0
2025-06-11,11,70,0
2025-06-12,12,70,0
2025-06-13,13,70,0
2025-06-14,14,70,0
2025-06-15,15,70,0
2025-06-16,16,70,1
2025-06-17,17,70,0
2025-06-18,18,70,1
2025-06-19,19,70,0
2025-06-20,20,70,0
2025-06-21,21,70,0
2025-06-22,22,70,0
2025-06-23,23,70,0
2025-06-24,24,70,0
2025-06-25,25,70,0
2025-06-26,26,70,0
2025-06-27,27,70,0
2025-06-28,28,70,0
2025-06-01,1,71,0
2025-06-02,2,71,0
2025-06-03,3,71,0
2025-06-04,4,71,0
2025-06-05,5,71,0
2025-06-06,6,71,0
2025-06-07,7,71,0
2025-06-08,8,71,0
2025-06-09,9,71,0
2025-06-10,10,71,0
2025-06-11,11,71,0
2025-06-12,12,71,0
2025-06-13,13,71,0
2025-06-14,14,71,0
2025-06-15,15,71,0
2025-06-16,16,71,0
2025-06-17,17,71,0
2025-06-18,18,71,0
2025-06-19,19,71,0
2025-06-20,20,71,0
2025-06-21,21,71,0
2025-06-22,22,71,0
2025-06-23,23,71,0
2025-06-24,24,71,0
2025-06-25,25,71,0
2025-06-26,26,71,0
2025-06-27,27,71,1
2025-06-28,28,71,0
2025-06-01,1,72,0
2025-06-02,2,72,1
2025-06-03,3,72,0
2025-06-04,4,72,0
2025-06-05,5,72,0
2025-06-06,6,72,0
2025-06-07,7,72,0
2025-06-08,8,72,0
2025-06-09,9,72,0
2025-06-10,10,72,0
2025-06-11,11,72,0
2025-06-12,12,72,0
2025-06-13,13,72,0
2025-06-14,14,72,0
2025-06-15,15,72,0
2025-06-16,16,72,0
2025-06-17,17,72,0
2025-06-18,18,72,0
2025-06-19,19,72,0
2025-06-20,20,72,0
2025-06-21,21,72,0
2025-06-22,22,72,0
2025-06-23,23,72,0
2025-06-24,24,72,0
2025-06-25,25,72,0
2025-06-26,26,72,0
2025-06-27,27,72,0
2025-06-28,28,72,0
2025-06-01,1,73,0
2025-06-02,2,73,0
2025-06-03,3,73,0
2025-06-04,4,73,0
2025-06-05,5,73,0
2025-06-06,6,73,0
2025-06-07,7,73,0
2025-06-08,8,73,0
2025-06-09,9,73,0
2025-06-10,10,73,0
2025-06-11,11,73,0
2025-06-12,12,73,0
2025-06-13,13,73,1
2025-06-14,14,73,0
2025-06-15,15,73,0
2025-06-16,16,73,0
2025-06-17,17,73,0
2025-06-18,18,73,0
2025-06-19,19,73,0
2025-06-20,20,73,0
2025-06-21,21,73,0
2025-06-22,22,73,0
2025-06-23,23,73,0
2025-06-24,24,73,0
2025-06-25,25,73,0
2025-06-26,26,73,0
2025-06-27,27,73,0
2025-06-28,28,73,0
2025-06-01,1,74,0
2025-06-02,2,74,0
2025-06-03,3,74,0
2025-06-04,4,74,0
2025-06-05,5,74,0
2025-06-06,6,74,0
2025-06-07,7,74,0
2025-06-08,8,74,1
2025-06-09,9,74,0
2025-06-10,10,74,0
2025-06-11,11,74,0
2025-06-12,12,74,0
2025-06-13,13,74,0
2025-06-14,14,74,1
2025-06-15,15,74,0
2025-06-16,16,74,0
2025-06-17,17,74,0
2025-06-18,18,74,0
2025-06-19,19,74,0
2025-06-20,20,74,0
2025-06-21,21,74,0
2025-06-22,22,74,0
2025-06-23,23,74,0
2025-06-24,24,74,0
2025-06-25,25,74,0
2025-06-26,26,74,0
2025-06-27,27,74,0
2025-06-28,28,74,0
2025-06-01,1,75,1
2025-06-02,2,75,1
2025-06-03,3,75,0
2025-06-04,4,75,0
2025-06-05,5,75,0
2025-06-06,6,75,0
2025-06-07,7,75,0
2025-06-08,8,75,0
2025-06-09,9,75,0
2025-06-10,10,75,0
2025-06-11,11,75,0
2025-06-12,12,75,0
2025-06-13,13,75,0
2025-06-14,14,75,0
2025-06-15,15,75,0
2025-06-16,16,75,0
2025-06-17,17,75,0
2025-06-18,18,75,0
2025-06-19,19,75,0
2025-06-20,20,75,0
2025-06-21,21,75,0
2025-06-22,22,75,0
2025-06-23,23,75,0
2025-06-24,24,75,0
2025-06-25,25,75,0
2025-06-26,26,75,0
2025-06-27,27,75,0
2025-06-28,28,75,0
2025-06-01,1,76,0
2025-06-02,2,76,0
2025-06-03,3,76,0
2025-06-04,4,76,0
2025-06-05,5,76,1
2025-06-06,6,76,0
2025-06-07,7,76,0
2025-06-08,8,76,0
2025-06-09,9,76,0
2025-06-10,10,76,0
2025-06-11,11,76,0
2025-06-12,12,76,0
2025-06-13,13,76,0
2025-06-14,14,76,0
2025-06-15,15,76,0
2025-06-16,16,76,0
2025-06-17,17,76,0
2025-06-18,18,76,0
2025-06-19,19,76,0
2025-06-20,20,76,0
2025-06-21,21,76,0
2025-06-22,22,76,0
2025-06-23,23,76,0
2025-06-24,24,76,0
2025-06-25,25,76,1
2025-06-26,26,76,0
2025-06-27,27,76,0
2025-06-28,28,76,0
2025-06-01,1,77,0
2025-06-02,2,77,0
2025-06-03,3,77,0
2025-06-04,4,77,0
2025-06-05,5,77,0
2025-06-06,6,77,0
2025-06-07,7,77,0
2025-06-08,8,77,0
2025-06-09,9,77,0
2025-06-10,10,77,0
2025-06-11,11,77,0
2025-06-12,12,77,0
2025-06-13,13,77,0
2025-06-14,14,77,0
2025-06-15,15,77,0
2025-06-16,16,77,0
2025-06-17,17,77,0
2025-06-18,18,77,0
2025-06-19,19,77,0
2025-06-20,20,77,0
2025-06-21,21,77,1
2025-06-22,22,77,0
2025-06-23,23,77,0
2025-06-24,24,77,0
2025-06-25,25,77,0
2025-06-26,26,77,0
2025-06-27,27,77,0
2025-06-28,28,77,0
2025-06-01,1,78,0
2025-06-02,2,78,0
2025-06-03,3,78,0
2025-06-04,4,78,0
2025-06-05,5,78,1
2025-06-06,6,78,0
2025-06-07,7,78,0
2025-06-08,8,78,0
2025-06-09,9,78,0
2025-06-10,10,78,0
2025-06-11,11,78,0
2025-06-12,12,78,0
2025-06-13,13,78,0
2025-06-14,14,78,0
2025-06-15,15,78,0
2025-06-16,16,78,0
2025-06-17,17,78,0
2025-06-18,18,78,0
2025-06-19,19,78,0
2025-06-20,20,78,0
2025-06-21,21,78,1
2025-06-22,22,78,0
2025-06-23,23,78,0
2025-06-24,24,78,0
2025-06-25,25,78,0
2025-06-26,26,78,0
2025-06-27,27,78,0
2025-06-28,28,78,0
2025-06-01,1,79,0
2025-06-02,2,79,0
2025-06-03,3,79,0
2025-06-04,4,79,0
2025-06-05,5,79,0
2025-06-06,6,79,0
2025-06-07,7,79,0
2025-06-08,8,79,0
2025-06-09,9,79,0
2025-06-10,10,79,0
2025-06-11,11,79,0
2025-06-12,12,79,0
2025-06-13,13,79,0
2025-06-14,14,79,0
2025-06-15,15,79,0
2025-06-16,16,79,0
2025-06-17,17,79,0
2025-06-18,18,79,0
2025-06-19,19,79,0
2025-06-20,20,79,0
2025-06-21,21,79,1
2025-06-22,22,79,0
2025-06-23,23,79,0
2025-06-24,24,79,0
2025-06-25,25,79,0
2025-06-26,26,79,0
2025-06-27,27,79,0
2025-06-28,28,79,0
2025-06-01,1,80,0
2025-06-02,2,80,0
2025-06-03,3,80,0
2025-06-04,4,80,0
2025-06-05,5,80,0
2025-06-06,6,80,0
2025-06-07,7,80,0
2025-06-08,8,80,0
2025-06-09,9,80,0
2025-06-10,10,80,0
2025-06-11,11,80,0
2025-06-12,12,80,0
2025-06-13,13,80,0
2025-06-14,14,80,0
2025-06-15,15,80,0
2025-06-16,16,80,0
2025-06-17,17,80,0
2025-06-18,18,80,0
2025-06-19,19,80,0
2025-06-20,20,80,0
2025-06-21,21,80,0
2025-06-22,22,80,0
2025-06-23,23,80,0
2025-06-24,24,80,0
2025-06-25,25,80,0
2025-06-26,26,80,0
2025-06-27,27,80,0
2025-06-28,28,80,0
2025-06-01,1,81,0
2025-06-02,2,81,1
2025-06-03,3,81,0
2025-06-04,4,81,0
2025-06-05,5,81,0
2025-06-06,6,81,0
2025-06-07,7,81,0
2025-06-08,8,81,0
2025-06-09,9,81,0
2025-06-10,10,81,0
2025-06-11,11,81,0
2025-06-12,12,81,0
2025-06-13,13,81,0
2025-06-14,14,81,0
2025-06-15,15,81,0
2025-06-16,16,81,0
2025-06-17,17,81,0
2025-06-18,18,81,0
2025-06-19,19,81,0
2025-06-20,20,81,0
2025-06-21,21,81,0
2025-06-22,22,81,1
2025-06-23,23,81,1
2025-06-24,24,81,0
2025-06-25,25,81,0
2025-06-26,26,81,0
2025-06-27,27,81,0
2025-06-28,28,81,0
2025-06-01,1,82,0
2025-06-02,2,82,0
2025-06-03,3,82,0
2025-06-04,4,82,0
2025-06-05,5,82,0
2025-06-06,6,82,0
2025-06-07,7,82,0
2025-06-08,8,82,0
2025-06-09,9,82,0
2025-06-10,10,82,0
2025-06-11,11,82,0
2025-06-12,12,82,0
2025-06-13,13,82,0
2025-06-14,14,82,0
2025-06-15,15,82,0
2025-06-16,16,82,0
2025-06-17,17,82,0
2025-06-18,18,82,0
2025-06-19,19,82,0
2025-06-20,20,82,0
2025-06-21,21,82,0
2025-06-22,22,82,0
2025-06-23,23,82,0
2025-06-24,24,82,0
2025-06-25,25,82,1
2025-06-26,26,82,0
2025-06-27,27,82,0
2025-06-28,28,82,0
2025-06-01,1,83,0
2025-06-02,2,83,0
2025-06-03,3,83,0
2025-06-04,4,83,0
2025-06-05,5,83,0
2025-06-06,6,83,0
2025-06-07,7,83,0
2025-06-08,8,83,0
2025-06-09,9,83,0
2025-06-10,10,83,0
2025-06-11,11,83,0
2025-06-12,12,83,0
2025-06-13,13,83,0
2025-06-14,14,83,0
2025-06-15,15,83,0
2025-06-16,16,83,0
2025-06-17,17,83,0
2025-06-18,18,83,0
2025-06-19,19,83,0
2025-06-20,20,83,0
2025-06-21,21,83,0
2025-06-22,22,83,1
2025-06-23,23,83,0
2025-06-24,24,83,0
2025-06-25,25,83,0
2025-06-26,26,83,0
2025-06-27,27,83,0
2025-06-28,28,83,0
2025-06-01,1,84,0
2025-06-02,2,84,0
2025-06-03,3,84,0
2025-06-04,4,84,0
2025-06-05,5,84,0
2025-06-06,6,84,0
2025-06-07,7,84,0
2025-06-08,8,84,0
2025-06-09,9,84,0
2025-06-10,10,84,0
2025-06-11,11,84,0
2025-06-12,12,84,0
2025-06-13,13,84,0
2025-06-14,14,84,0
2025-06-15,15,84,0
2025-06-16,16,84,0
2025-06-17,17,84,0
2025-06-18,18,84,0
2025-06-19,19,84,0
2025-06-20,20,84,0
2025-06-21,21,84,0
2025-06-22,22,84,0
2025-06-23,23,84,0
2025-06-24,24,84,0
2025-06-25,25,84,0
2025-06-26,26,84,0
2025-06-27,27,84,0
2025-06-28,28,84,0
2025-06-01,1,85,0
2025-06-02,2,85,0
2025-06-03,3,85,0
2025-06-04,4,85,0
2025-06-05,5,85,0
2025-06-06,6,85,0
2025-06-07,7,85,0
2025-06-08,8,85,0
2025-06-09,9,85,0
2025-06-10,10,85,0
2025-06-11,11,85,0
2025-06-12,12,85,0
2025-06-13,13,85,0
2025-06-14,14,85,0
2025-06-15,15,85,0
2025-06-16,16,85,0
2025-06-17,17,85,0
2025-06-18,18,85,0
2025-06-19,19,85,0
2025-06-20,20,85,0
2025-06-21,21,85,0
2025-06-22,22,85,0
2025-06-23,23,85,0
2025-06-24,24,85,0
2025-06-25,25,85,0
2025-06-26,26,85,0
2025-06-27,27,85,0
2025-06-28,28,85,0
2025-06-01,1,86,0
2025-06-02,2,86,0
2025-06-03,3,86,0
2025-06-04,4,86,0
2025-06-05,5,86,0
2025-06-06,6,86,0
2025-06-07,7,86,0
2025-06-08,8,86,0
2025-06-09,9,86,0
2025-06-10,10,86,0
2025-06-11,11,86,0
2025-06-12,12,86,0
2025-06-13,13,86,1
2025-06-14,14,86,0
2025-06-15,15,86,0
2025-06-16,16,86,0
2025-06-17,17,86,0
2025-06-18,18,86,0
2025-06-19,19,86,0
2025-06-20,20,86,1
2025-06-21,21,86,1
2025-06-22,22,86,0
2025-06-23,23,86,0
2025-06-24,24,86,0
2025-06-25,25,86,0
2025-06-26,26,86,0
2025-06-27,27,86,0
2025-06-28,28,86,0
2025-06-01,1,87,0
2025-06-02,2,87,1
2025-06-03,3,87,0
2025-06-04,4,87,0
2025-06-05,5,87,0
2025-06-06,6,87,0
2025-06-07,7,87,0
2025-06-08,8,87,0
2025-06-09,9,87,0
2025-06-10,10,87,0
2025-06-11,11,87,0
2025-06-12,12,87,0
2025-06-13,13,87,0
2025-06-14,14,87,0
2025-06-15,15,87,0
2025-06-16,16,87,1
2025-06-17,17,87,0
2025-06-18,18,87,0
2025-06-19,19,87,0
2025-06-20,20,87,1
2025-06-21,21,87,0
2025-06-22,22,87,0
2025-06-23,23,87,0
2025-06-24,24,87,0
2025-06-25,25,87,0
2025-06-26,26,87,0
2025-06-27,27,87,0
2025-06-28,28,87,0
2025-06-01,1,88,0
2025-06-02,2,88,1
2025-06-03,3,88,0
2025-06-04,4,88,0
2025-06-05,5,88,1
2025-06-06,6,88,0
2025-06-07,7,88,0
2025-06-08,8,88,0
2025-06-09,9,88,0
2025-06-10,10,88,0
2025-06-11,11,88,0
2025-06-12,12,88,0
2025-06-13,13,88,1
2025-06-14,14,88,0
2025-06-15,15,88,0
2025-06-16,16,88,0
2025-06-17,17,88,0
2025-06-18,18,88,0
2025-06-19,19,88,0
2025-06-20,20,88,0
2025-06-21,21,88,0
2025-06-22,22,88,0
2025-06-23,23,88,0
2025-06-24,24,88,0
2025-06-25,25,88,0
2025-06-26,26,88,0
2025-06-27,27,88,0
2025-06-28,28,88,0
2025-06-01,1,89,0
2025-06-02,2,89,0
2025-06-03,3,89,0
2025-06-04,4,89,0
2025-06-05,5,89,0
2025-06-06,6,89,0
2025-06-07,7,89,0
2025-06-08,8,89,0
2025-06-09,9,89,0
2025-06-10,10,89,1
2025-06-11,11,89,0
2025-06-12,12,89,0
2025-06-13,13,89,0
2025-06-14,14,89,0
2025-06-15,15,89,0
2025-06-16,16,89,0
2025-06-17,17,89,0
2025-06-18,18,89,0
2025-06-19,19,89,0
2025-06-20,20,89,0
2025-06-21,21,89,0
2025-06-22,22,89,0
2025-06-23,23,89,0
2025-06-24,24,89,0
2025-06-25,25,89,0
2025-06-26,26,89,0
2025-06-27,27,89,0
2025-06-28,28,89,0
2025-06-01,1,90,0
2025-06-02,2,90,0
2025-06-03,3,90,0
2025-06-04,4,90,0
2025-06-05,5,90,0
2025-06-06,6,90,1
2025-06-07,7,90,0
2025-06-08,8,90,0
2025-06-09,9,90,0
2025-06-10,10,90,0
2025-06-11,11,90,0
2025-06-12,12,90,0
2025-06-13,13,90,0
2025-06-14,14,90,0
2025-06-15,15,90,0
2025-06-16,16,90,0
2025-06-17,17,90,0
2025-06-18,18,90,0
2025-06-19,19,90,0
2025-06-20,20,90,0
2025-06-21,21,90,0
2025-06-22,22,90,0
2025-06-23,23,90,0
2025-06-24,24,90,0
2025-06-25,25,90,0
2025-06-26,26,90,0
2025-06-27,27,90,0
2025-06-28,28,90,0
